-- phpMyAdmin SQL Dump
-- version 5.2.1
-- https://www.phpmyadmin.net/
--
-- Host: 127.0.0.1
-- Generation Time: Dec 20, 2023 at 01:07 PM
-- Server version: 10.4.28-MariaDB
-- PHP Version: 8.2.4

SET SQL_MODE = "NO_AUTO_VALUE_ON_ZERO";
START TRANSACTION;
SET time_zone = "+00:00";


/*!40101 SET @OLD_CHARACTER_SET_CLIENT=@@CHARACTER_SET_CLIENT */;
/*!40101 SET @OLD_CHARACTER_SET_RESULTS=@@CHARACTER_SET_RESULTS */;
/*!40101 SET @OLD_COLLATION_CONNECTION=@@COLLATION_CONNECTION */;
/*!40101 SET NAMES utf8mb4 */;

--
-- Database: `sie_2023`
--

-- --------------------------------------------------------

--
-- Table structure for table `buah`
--

CREATE TABLE `buah` (
  `id_buah` int(11) NOT NULL,
  `nama_buah` varchar(255) NOT NULL
) ENGINE=InnoDB DEFAULT CHARSET=utf8mb4 COLLATE=utf8mb4_general_ci;

--
-- Dumping data for table `buah`
--

INSERT INTO `buah` (`id_buah`, `nama_buah`) VALUES
(1, 'Blewah'),
(2, 'Melon'),
(3, 'Semangka'),
(4, 'Stroberi');

-- --------------------------------------------------------

--
-- Table structure for table `produktivitas`
--

CREATE TABLE `produktivitas` (
  `id_produktivitas` int(11) NOT NULL,
  `id_buah` int(11) NOT NULL,
  `kode_provinsi` int(11) NOT NULL,
  `tahun` int(4) NOT NULL,
  `luas_panen` double(10,2) NOT NULL,
  `produksi` double(10,2) NOT NULL,
  `produktivitas` double(10,2) NOT NULL
) ENGINE=InnoDB DEFAULT CHARSET=utf8mb4 COLLATE=utf8mb4_general_ci;

--
-- Dumping data for table `produktivitas`
--

INSERT INTO `produktivitas` (`id_produktivitas`, `id_buah`, `kode_provinsi`, `tahun`, `luas_panen`, `produksi`, `produktivitas`) VALUES
(1, 2, 11, 2021, 35.80, 3430.00, 95.81),
(2, 2, 12, 2021, 109.56, 17544.50, 160.14),
(3, 2, 13, 2021, 149.85, 19850.00, 132.47),
(4, 2, 14, 2021, 91.64, 7572.40, 82.63),
(5, 2, 15, 2021, 49.50, 4850.00, 97.98),
(6, 2, 16, 2021, 167.75, 21005.25, 125.22),
(7, 2, 17, 2021, 91.46, 2704.95, 29.58),
(8, 2, 18, 2021, 97.50, 6758.50, 69.32),
(9, 2, 19, 2021, 23.88, 2663.90, 111.55),
(10, 2, 21, 2021, 2.95, 128.20, 43.46),
(11, 2, 31, 2021, 0.60, 45.20, 75.33),
(12, 2, 32, 2021, 77.72, 10284.85, 132.33),
(13, 2, 33, 2021, 1444.03, 241350.74, 167.14),
(14, 2, 34, 2021, 685.05, 145496.46, 212.39),
(15, 2, 35, 2021, 3353.75, 685267.30, 204.33),
(16, 2, 36, 2021, 24.35, 1692.20, 69.49),
(17, 2, 51, 2021, 10.10, 2021.00, 200.10),
(18, 2, 52, 2021, 192.23, 26676.50, 138.77),
(19, 2, 53, 2021, 38.72, 4444.40, 114.78),
(20, 2, 61, 2021, 51.95, 5665.59, 109.06),
(21, 2, 62, 2021, 61.95, 7622.75, 123.05),
(22, 2, 63, 2021, 89.35, 11479.10, 128.47),
(23, 2, 64, 2021, 66.13, 4675.80, 70.71),
(24, 2, 65, 2021, 27.75, 4398.00, 158.49),
(25, 2, 71, 2021, 23.10, 7529.00, 325.93),
(26, 2, 72, 2021, 81.45, 12960.75, 159.13),
(27, 2, 73, 2021, 47.34, 4684.65, 98.96),
(28, 2, 74, 2021, 35.10, 3244.10, 92.42),
(29, 2, 75, 2021, 5.00, 894.00, 178.80),
(30, 2, 76, 2021, 4.00, 24.00, 6.00),
(31, 2, 81, 2021, 33.00, 3080.00, 93.33),
(32, 2, 82, 2021, 38.50, 1754.15, 45.56),
(33, 2, 91, 2021, 80.93, 1176.90, 14.54),
(34, 2, 94, 2021, 105.00, 18495.50, 176.15),
(35, 3, 11, 2021, 847.70, 77248.00, 91.13),
(36, 3, 12, 2021, 2205.13, 198985.30, 90.24),
(37, 3, 13, 2021, 1067.75, 202832.50, 189.96),
(38, 3, 14, 2021, 1545.75, 160457.11, 103.81),
(39, 3, 15, 2021, 495.20, 49793.00, 100.55),
(40, 3, 16, 2021, 1461.75, 143851.80, 98.41),
(41, 3, 17, 2021, 235.20, 6040.00, 25.68),
(42, 3, 18, 2021, 1629.25, 183204.97, 112.45),
(43, 3, 19, 2021, 141.85, 22675.40, 159.85),
(44, 3, 21, 2021, 173.79, 16006.44, 92.10),
(45, 3, 31, 2021, 0.05, 2.07, 41.40),
(46, 3, 32, 2021, 482.00, 68408.50, 141.93),
(47, 3, 33, 2021, 3134.31, 579530.00, 184.90),
(48, 3, 34, 2021, 261.45, 51836.50, 198.27),
(49, 3, 35, 2021, 7758.98, 1382449.80, 178.17),
(50, 3, 36, 2021, 124.25, 8373.90, 67.40),
(51, 3, 51, 2021, 959.00, 128181.98, 133.66),
(52, 3, 52, 2021, 1183.44, 218661.12, 184.77),
(53, 3, 53, 2021, 131.20, 20215.20, 154.08),
(54, 3, 61, 2021, 726.65, 45323.95, 62.37),
(55, 3, 62, 2021, 1122.55, 148328.10, 132.13),
(56, 3, 63, 2021, 1549.24, 188300.50, 121.54),
(57, 3, 64, 2021, 475.17, 40472.91, 85.18),
(58, 3, 65, 2021, 78.55, 14561.85, 185.38),
(59, 3, 71, 2021, 68.40, 7434.50, 108.69),
(60, 3, 72, 2021, 344.25, 37979.58, 110.33),
(61, 3, 73, 2021, 670.05, 63347.74, 94.54),
(62, 3, 74, 2021, 308.40, 11899.55, 38.58),
(63, 3, 75, 2021, 11.00, 1363.00, 123.91),
(64, 3, 76, 2021, 37.60, 1642.20, 43.68),
(65, 3, 81, 2021, 82.02, 7966.00, 97.12),
(66, 3, 82, 2021, 254.50, 4519.50, 17.76),
(67, 3, 91, 2021, 137.37, 3893.80, 28.35),
(68, 3, 94, 2021, 249.70, 46637.10, 186.77),
(69, 4, 11, 2021, 15.00, 597.00, 39.80),
(70, 4, 12, 2021, 65.00, 833.00, 12.82),
(71, 4, 13, 2021, 32.50, 2739.75, 84.30),
(72, 4, 14, 2021, 0.00, 0.00, 0.00),
(73, 4, 15, 2021, 50.00, 88.00, 1.76),
(74, 4, 16, 2021, 11.25, 208.25, 18.51),
(75, 4, 17, 2021, 19.00, 566.00, 29.79),
(76, 4, 18, 2021, 0.00, 0.00, 0.00),
(77, 4, 19, 2021, 0.00, 0.00, 0.00),
(78, 4, 21, 2021, 0.00, 0.00, 0.00),
(79, 4, 31, 2021, 0.00, 0.00, 0.00),
(80, 4, 32, 2021, 337.00, 64575.00, 191.62),
(81, 4, 33, 2021, 21.00, 11645.00, 554.52),
(82, 4, 34, 2021, 0.40, 5.00, 12.50),
(83, 4, 35, 2021, 44.65, 8383.52, 187.76),
(84, 4, 36, 2021, 1.00, 64.00, 64.00),
(85, 4, 51, 2021, 16.00, 2909.00, 181.81),
(86, 4, 52, 2021, 26.72, 434.70, 16.27),
(87, 4, 53, 2021, 5.00, 1615.00, 323.00),
(88, 4, 61, 2021, 0.00, 0.00, 0.00),
(89, 4, 62, 2021, 9.40, 3124.00, 332.34),
(90, 4, 63, 2021, 0.00, 0.00, 0.00),
(91, 4, 64, 2021, 0.00, 0.00, 0.00),
(92, 4, 65, 2021, 0.00, 0.00, 0.00),
(93, 4, 71, 2021, 0.00, 0.00, 0.00),
(94, 4, 72, 2021, 3.25, 12.25, 3.77),
(95, 4, 73, 2021, 21.00, 663.00, 31.57),
(96, 4, 74, 2021, 3.02, 131.50, 43.54),
(97, 4, 75, 2021, 0.00, 0.00, 0.00),
(98, 4, 76, 2021, 0.00, 0.00, 0.00),
(99, 4, 81, 2021, 0.00, 0.00, 0.00),
(100, 4, 82, 2021, 0.00, 0.00, 0.00),
(101, 4, 91, 2021, 0.42, 1.82, 4.33),
(102, 4, 94, 2021, 0.00, 0.00, 0.00),
(103, 2, 11, 2022, 49.13, 5589.00, 113.76),
(104, 2, 12, 2022, 116.96, 21130.64, 180.67),
(105, 2, 13, 2022, 96.95, 8492.00, 87.59),
(106, 2, 14, 2022, 183.41, 12554.30, 68.45),
(107, 2, 15, 2022, 83.50, 8673.00, 103.87),
(108, 2, 16, 2022, 186.86, 19281.40, 103.19),
(109, 2, 17, 2022, 59.95, 4022.80, 67.10),
(110, 2, 18, 2022, 98.25, 8219.50, 83.66),
(111, 2, 19, 2022, 15.55, 2509.30, 161.37),
(112, 2, 21, 2022, 3.10, 606.00, 195.48),
(113, 2, 31, 2022, 0.69, 53.10, 76.96),
(114, 2, 32, 2022, 86.80, 12815.00, 147.64),
(115, 2, 33, 2022, 1533.75, 262312.35, 171.03),
(116, 2, 34, 2022, 347.94, 70014.27, 201.23),
(117, 2, 35, 2022, 3277.85, 622867.86, 190.02),
(118, 2, 36, 2022, 27.93, 2895.80, 103.68),
(119, 2, 51, 2022, 12.43, 2184.44, 175.74),
(120, 2, 52, 2022, 140.82, 16888.85, 119.93),
(121, 2, 53, 2022, 37.68, 3556.95, 94.40),
(122, 2, 61, 2022, 44.75, 3716.10, 83.04),
(123, 2, 62, 2022, 46.30, 3753.95, 81.08),
(124, 2, 63, 2022, 68.00, 8704.50, 128.01),
(125, 2, 64, 2022, 77.35, 4697.80, 60.73),
(126, 2, 65, 2022, 44.30, 9197.00, 207.61),
(127, 2, 71, 2022, 19.80, 9400.00, 474.75),
(128, 2, 72, 2022, 83.75, 15992.00, 190.95),
(129, 2, 73, 2022, 85.40, 9814.10, 114.92),
(130, 2, 74, 2022, 52.15, 2045.20, 39.22),
(131, 2, 75, 2022, 0.00, 0.00, 0.00),
(132, 2, 76, 2022, 10.00, 645.00, 64.50),
(133, 2, 81, 2022, 27.50, 2068.00, 75.20),
(134, 2, 82, 2022, 24.00, 555.00, 23.13),
(135, 2, 91, 2022, 31.99, 4343.90, 135.79),
(136, 2, 94, 2022, 124.20, 27359.00, 220.28),
(137, 3, 11, 2022, 816.99, 51201.50, 62.67),
(138, 3, 12, 2022, 2264.94, 294184.50, 129.89),
(139, 3, 13, 2022, 832.60, 119123.55, 143.07),
(140, 3, 14, 2022, 1626.61, 175390.58, 107.83),
(141, 3, 15, 2022, 506.70, 58488.00, 115.43),
(142, 3, 16, 2022, 1508.81, 169466.00, 112.32),
(143, 3, 17, 2022, 207.26, 8091.40, 39.04),
(144, 3, 18, 2022, 1504.75, 194424.70, 129.21),
(145, 3, 19, 2022, 238.46, 36051.76, 151.19),
(146, 3, 21, 2022, 130.77, 9630.43, 73.64),
(147, 3, 31, 2022, 0.06, 2.00, 33.33),
(148, 3, 32, 2022, 434.20, 82320.24, 189.59),
(149, 3, 33, 2022, 3178.52, 598366.55, 188.25),
(150, 3, 34, 2022, 409.30, 82984.38, 202.75),
(151, 3, 35, 2022, 5498.30, 973570.97, 177.07),
(152, 3, 36, 2022, 60.54, 5128.64, 84.71),
(153, 3, 51, 2022, 1455.50, 245615.80, 168.75),
(154, 3, 52, 2022, 515.47, 76013.48, 147.46),
(155, 3, 53, 2022, 151.82, 18372.09, 121.01),
(156, 3, 61, 2022, 874.00, 58620.36, 67.07),
(157, 3, 62, 2022, 1055.10, 113452.32, 107.53),
(158, 3, 63, 2022, 351.05, 35259.75, 100.44),
(159, 3, 64, 2022, 513.72, 36648.26, 71.34),
(160, 3, 65, 2022, 124.65, 24962.50, 200.26),
(161, 3, 71, 2022, 132.60, 11757.60, 88.67),
(162, 3, 72, 2022, 310.30, 40583.40, 130.79),
(163, 3, 73, 2022, 943.15, 62466.66, 66.23),
(164, 3, 74, 2022, 412.14, 12530.78, 30.40),
(165, 3, 75, 2022, 15.00, 1735.00, 115.67),
(166, 3, 76, 2022, 214.50, 1557.00, 7.26),
(167, 3, 81, 2022, 103.00, 10323.00, 100.22),
(168, 3, 82, 2022, 370.76, 12959.34, 34.95),
(169, 3, 91, 2022, 98.55, 13824.91, 140.28),
(170, 3, 94, 2022, 237.00, 43057.29, 181.68),
(171, 4, 11, 2022, 11.00, 200.00, 18.18),
(172, 4, 12, 2022, 58.30, 1101.30, 18.89),
(173, 4, 13, 2022, 52.20, 993.20, 19.03),
(174, 4, 14, 2022, 0.00, 0.00, 0.00),
(175, 4, 15, 2022, 48.00, 123.07, 2.56),
(176, 4, 16, 2022, 6.00, 1692.00, 282.00),
(177, 4, 17, 2022, 22.00, 739.00, 33.59),
(178, 4, 18, 2022, 0.00, 0.00, 0.00),
(179, 4, 19, 2022, 0.00, 0.00, 0.00),
(180, 4, 21, 2022, 0.00, 0.00, 0.00),
(181, 4, 31, 2022, 0.00, 0.00, 0.00),
(182, 4, 32, 2022, 395.00, 254132.00, 643.37),
(183, 4, 33, 2022, 36.50, 13033.00, 357.07),
(184, 4, 34, 2022, 1.59, 438.38, 275.71),
(185, 4, 35, 2022, 44.90, 10847.83, 241.60),
(186, 4, 36, 2022, 1.00, 173.00, 173.00),
(187, 4, 51, 2022, 11.50, 1958.00, 170.26),
(188, 4, 52, 2022, 50.07, 2449.70, 48.93),
(189, 4, 53, 2022, 5.11, 804.24, 157.39),
(190, 4, 61, 2022, 0.00, 0.00, 0.00),
(191, 4, 62, 2022, 0.00, 0.00, 0.00),
(192, 4, 63, 2022, 0.00, 0.00, 0.00),
(193, 4, 64, 2022, 0.00, 0.00, 0.00),
(194, 4, 65, 2022, 0.00, 0.00, 0.00),
(195, 4, 71, 2022, 0.00, 0.00, 0.00),
(196, 4, 72, 2022, 3.00, 12.00, 4.00),
(197, 4, 73, 2022, 10.00, 137.00, 13.70),
(198, 4, 74, 2022, 1.95, 113.00, 57.95),
(199, 4, 75, 2022, 0.00, 0.00, 0.00),
(200, 4, 76, 2022, 0.00, 0.00, 0.00),
(201, 4, 81, 2022, 0.00, 0.00, 0.00),
(202, 4, 82, 2022, 0.00, 0.00, 0.00),
(203, 4, 91, 2022, 1.22, 5.12, 4.20),
(204, 4, 94, 2022, 0.00, 0.00, 0.00),
(205, 3, 11, 2020, 897.20, 82706.80, 92.18),
(206, 3, 12, 2020, 2785.55, 636266.60, 228.42),
(207, 3, 13, 2020, 912.50, 188927.00, 207.04),
(208, 3, 14, 2020, 1301.25, 306574.96, 235.60),
(209, 3, 15, 2020, 629.50, 60688.40, 96.41),
(210, 3, 16, 2020, 1317.85, 140856.50, 106.88),
(211, 3, 17, 2020, 263.25, 14059.00, 53.41),
(212, 3, 18, 2020, 1498.25, 250068.25, 166.91),
(213, 3, 19, 2020, 184.12, 41437.60, 225.06),
(214, 3, 21, 2020, 167.16, 25998.30, 155.53),
(215, 3, 31, 2020, 0.00, 0.00, 0.00),
(216, 3, 32, 2020, 871.00, 146064.00, 167.70),
(217, 3, 33, 2020, 4325.50, 859538.30, 198.71),
(218, 3, 34, 2020, 352.45, 70898.00, 201.16),
(219, 3, 35, 2020, 7735.25, 1325472.20, 171.35),
(220, 3, 36, 2020, 172.00, 34376.00, 199.86),
(221, 3, 51, 2020, 1056.85, 160456.90, 151.83),
(222, 3, 52, 2020, 1597.20, 344766.00, 215.86),
(223, 3, 53, 2020, 148.40, 28439.00, 191.64),
(224, 3, 61, 2020, 790.50, 58220.50, 73.65),
(225, 3, 62, 2020, 1342.40, 139746.00, 104.10),
(226, 3, 63, 2020, 1604.00, 248726.00, 155.07),
(227, 3, 64, 2020, 629.95, 69566.83, 110.43),
(228, 3, 65, 2020, 44.00, 6946.00, 157.86),
(229, 3, 71, 2020, 64.00, 5013.80, 78.34),
(230, 3, 72, 2020, 425.50, 112588.50, 264.60),
(231, 3, 73, 2020, 1147.82, 128712.00, 112.14),
(232, 3, 74, 2020, 373.50, 11834.00, 31.68),
(233, 3, 75, 2020, 17.00, 842.00, 49.53),
(234, 3, 76, 2020, 35.00, 2685.00, 76.71),
(235, 3, 81, 2020, 113.00, 12376.50, 109.53),
(236, 3, 82, 2020, 206.00, 10916.25, 52.99),
(237, 3, 91, 2020, 178.14, 5450.76, 30.60),
(238, 3, 94, 2020, 230.45, 71954.30, 312.23),
(239, 2, 11, 2020, 22.00, 1824.00, 82.91),
(240, 2, 12, 2020, 83.50, 12594.00, 150.83),
(241, 2, 13, 2020, 145.50, 27769.00, 190.85),
(242, 2, 14, 2020, 131.50, 16713.00, 127.10),
(243, 2, 15, 2020, 102.30, 13571.50, 132.66),
(244, 2, 16, 2020, 103.10, 12417.00, 120.44),
(245, 2, 17, 2020, 128.75, 6962.50, 54.08),
(246, 2, 18, 2020, 99.25, 6218.75, 62.66),
(247, 2, 19, 2020, 12.96, 5064.20, 390.76),
(248, 2, 21, 2020, 7.45, 2026.00, 271.95),
(249, 2, 31, 2020, 0.00, 0.00, 0.00),
(250, 2, 32, 2020, 24.00, 1950.00, 81.25),
(251, 2, 33, 2020, 1908.00, 315664.00, 165.44),
(252, 2, 34, 2020, 1085.45, 222304.20, 204.80),
(253, 2, 35, 2020, 3153.75, 578250.00, 183.35),
(254, 2, 36, 2020, 76.00, 5162.00, 67.92),
(255, 2, 51, 2020, 17.05, 3825.00, 224.34),
(256, 2, 52, 2020, 165.50, 31452.00, 190.04),
(257, 2, 53, 2020, 22.65, 2350.50, 103.77),
(258, 2, 61, 2020, 46.00, 2301.00, 50.02),
(259, 2, 62, 2020, 179.00, 13334.00, 74.49),
(260, 2, 63, 2020, 73.00, 7024.50, 96.23),
(261, 2, 64, 2020, 53.85, 5190.55, 96.39),
(262, 2, 65, 2020, 19.50, 3268.00, 167.59),
(263, 2, 71, 2020, 34.60, 7198.60, 208.05),
(264, 2, 72, 2020, 99.00, 36990.00, 373.64),
(265, 2, 73, 2020, 84.50, 8603.00, 101.81),
(266, 2, 74, 2020, 45.50, 2431.00, 53.43),
(267, 2, 75, 2020, 11.00, 528.00, 48.00),
(268, 2, 76, 2020, 5.00, 52.50, 10.50),
(269, 2, 81, 2020, 44.00, 4506.00, 102.41),
(270, 2, 82, 2020, 39.50, 977.65, 24.75),
(271, 2, 91, 2020, 108.00, 2443.00, 22.62),
(272, 2, 94, 2020, 80.00, 20805.00, 260.06),
(273, 1, 11, 2020, 1.00, 1.00, 1.00),
(274, 1, 12, 2020, 3.00, 6.00, 2.00),
(275, 1, 13, 2020, 2.00, 202.00, 101.00),
(276, 1, 14, 2020, 3.00, 582.00, 194.00),
(277, 1, 15, 2020, 5.22, 522.00, 100.00),
(278, 1, 16, 2020, 57.00, 2948.50, 51.73),
(279, 1, 17, 2020, 2.00, 105.00, 52.50),
(280, 1, 18, 2020, 24.25, 285.00, 11.75),
(281, 1, 19, 2020, 1.70, 390.00, 229.41),
(282, 1, 21, 2020, 4.00, 1080.00, 270.00),
(283, 1, 31, 2020, 0.00, 0.00, 0.00),
(284, 1, 32, 2020, 51.00, 9957.00, 195.24),
(285, 1, 33, 2020, 441.00, 52931.00, 120.02),
(286, 1, 34, 2020, 0.00, 0.00, 0.00),
(287, 1, 35, 2020, 1917.75, 197093.00, 102.77),
(288, 1, 36, 2020, 1.00, 20.00, 20.00),
(289, 1, 51, 2020, 0.00, 0.00, 0.00),
(290, 1, 52, 2020, 386.40, 61346.00, 158.76),
(291, 1, 53, 2020, 1.00, 100.00, 100.00),
(292, 1, 61, 2020, 41.00, 1889.50, 46.09),
(293, 1, 62, 2020, 7.00, 169.00, 24.14),
(294, 1, 63, 2020, 0.00, 0.00, 0.00),
(295, 1, 64, 2020, 16.00, 530.00, 33.13),
(296, 1, 65, 2020, 1.00, 10.00, 10.00),
(297, 1, 71, 2020, 0.00, 0.00, 0.00),
(298, 1, 72, 2020, 0.00, 0.00, 0.00),
(299, 1, 73, 2020, 3.00, 25.00, 8.33),
(300, 1, 74, 2020, 10.00, 60.00, 6.00),
(301, 1, 75, 2020, 0.00, 0.00, 0.00),
(302, 1, 76, 2020, 0.00, 0.00, 0.00),
(303, 1, 81, 2020, 18.00, 307.00, 17.06),
(304, 1, 82, 2020, 0.00, 0.00, 0.00),
(305, 1, 91, 2020, 0.00, 0.00, 0.00),
(306, 1, 94, 2020, 2.00, 4.00, 2.00),
(307, 4, 11, 2020, 8.00, 628.00, 78.50),
(308, 4, 12, 2020, 40.00, 605.00, 15.13),
(309, 4, 13, 2020, 33.00, 648.00, 19.64),
(310, 4, 14, 2020, 0.00, 0.00, 0.00),
(311, 4, 15, 2020, 0.00, 0.00, 0.00),
(312, 4, 16, 2020, 4.00, 38.00, 9.50),
(313, 4, 17, 2020, 11.00, 282.00, 25.64),
(314, 4, 18, 2020, 1.00, 5.00, 5.00),
(315, 4, 19, 2020, 0.00, 0.00, 0.00),
(316, 4, 21, 2020, 0.00, 0.00, 0.00),
(317, 4, 31, 2020, 0.00, 0.00, 0.00),
(318, 4, 32, 2020, 405.00, 59548.00, 147.03),
(319, 4, 33, 2020, 21.50, 4299.00, 199.95),
(320, 4, 34, 2020, 0.30, 1.80, 6.00),
(321, 4, 35, 2020, 49.00, 5591.00, 114.10),
(322, 4, 36, 2020, 0.00, 0.00, 0.00),
(323, 4, 51, 2020, 36.00, 6682.00, 185.61),
(324, 4, 52, 2020, 32.30, 2076.00, 64.27),
(325, 4, 53, 2020, 1.00, 1101.00, 1101.00),
(326, 4, 61, 2020, 0.00, 0.00, 0.00),
(327, 4, 62, 2020, 0.00, 0.00, 0.00),
(328, 4, 63, 2020, 0.00, 0.00, 0.00),
(329, 4, 64, 2020, 0.00, 0.00, 0.00),
(330, 4, 65, 2020, 0.00, 0.00, 0.00),
(331, 4, 71, 2020, 0.00, 0.00, 0.00),
(332, 4, 72, 2020, 2.00, 7.00, 3.50),
(333, 4, 73, 2020, 38.00, 1992.00, 52.42),
(334, 4, 74, 2020, 0.00, 0.00, 0.00),
(335, 4, 75, 2020, 0.00, 0.00, 0.00),
(336, 4, 76, 2020, 0.00, 0.00, 0.00),
(337, 4, 81, 2020, 0.00, 0.00, 0.00),
(338, 4, 82, 2020, 0.00, 0.00, 0.00),
(339, 4, 91, 2020, 0.00, 0.00, 0.00),
(340, 4, 94, 2020, 0.00, 0.00, 0.00),
(341, 3, 11, 2019, 830.00, 94719.00, 114.12),
(342, 3, 12, 2019, 2365.00, 411700.00, 174.08),
(343, 3, 13, 2019, 1114.00, 214023.00, 192.12),
(344, 3, 14, 2019, 1221.25, 178411.25, 146.09),
(345, 3, 15, 2019, 499.75, 57618.20, 115.29),
(346, 3, 16, 2019, 1371.00, 207994.00, 151.71),
(347, 3, 17, 2019, 223.00, 10738.00, 48.15),
(348, 3, 18, 2019, 1276.00, 183622.00, 143.90),
(349, 3, 19, 2019, 141.00, 24533.00, 173.99),
(350, 3, 21, 2019, 249.00, 43621.00, 175.18),
(351, 3, 31, 2019, 0.00, 0.00, 0.00),
(352, 3, 32, 2019, 927.00, 119438.00, 128.84),
(353, 3, 33, 2019, 4603.00, 730376.00, 158.67),
(354, 3, 34, 2019, 436.00, 89089.00, 204.33),
(355, 3, 35, 2019, 9450.00, 1488032.00, 157.46),
(356, 3, 36, 2019, 91.00, 13595.00, 149.40),
(357, 3, 51, 2019, 1056.00, 197193.00, 186.74),
(358, 3, 52, 2019, 1209.00, 296460.00, 245.21),
(359, 3, 53, 2019, 189.00, 42300.00, 223.81),
(360, 3, 61, 2019, 705.00, 45227.00, 64.15),
(361, 3, 62, 2019, 873.60, 95164.50, 108.93),
(362, 3, 63, 2019, 1869.00, 196124.00, 104.94),
(363, 3, 64, 2019, 801.00, 115698.00, 144.44),
(364, 3, 65, 2019, 60.00, 10561.00, 176.02),
(365, 3, 71, 2019, 61.00, 714.00, 11.70),
(366, 3, 72, 2019, 264.00, 35319.00, 133.78),
(367, 3, 73, 2019, 1444.00, 192323.00, 133.19),
(368, 3, 74, 2019, 351.00, 19874.00, 56.62),
(369, 3, 75, 2019, 3.00, 100.00, 33.33),
(370, 3, 76, 2019, 45.00, 2700.00, 60.00),
(371, 3, 81, 2019, 110.00, 17470.00, 158.82),
(372, 3, 82, 2019, 219.00, 13207.00, 60.31),
(373, 3, 91, 2019, 193.00, 4053.00, 21.00),
(374, 3, 94, 2019, 255.00, 81352.00, 319.03),
(375, 1, 11, 2019, 1.00, 2.00, 2.00),
(376, 1, 12, 2019, 0.00, 0.00, 0.00),
(377, 1, 13, 2019, 0.00, 0.00, 0.00),
(378, 1, 14, 2019, 2.00, 281.00, 140.50),
(379, 1, 15, 2019, 28.00, 2743.00, 97.96),
(380, 1, 16, 2019, 36.00, 2523.00, 70.08),
(381, 1, 17, 2019, 4.00, 113.00, 28.25),
(382, 1, 18, 2019, 5.00, 15.00, 3.00),
(383, 1, 19, 2019, 0.00, 0.00, 0.00),
(384, 1, 21, 2019, 1.00, 2.00, 2.00),
(385, 1, 31, 2019, 0.00, 0.00, 0.00),
(386, 1, 32, 2019, 66.00, 8748.00, 132.55),
(387, 1, 33, 2019, 821.00, 49821.00, 60.68),
(388, 1, 34, 2019, 0.00, 0.00, 0.00),
(389, 1, 35, 2019, 2267.00, 258658.00, 114.10),
(390, 1, 36, 2019, 0.00, 0.00, 0.00),
(391, 1, 51, 2019, 0.00, 0.00, 0.00),
(392, 1, 52, 2019, 61.00, 15006.00, 246.00),
(393, 1, 53, 2019, 22.00, 279.00, 12.68),
(394, 1, 61, 2019, 43.00, 1229.00, 28.58),
(395, 1, 62, 2019, 6.10, 107.10, 17.56),
(396, 1, 63, 2019, 0.00, 0.00, 0.00),
(397, 1, 64, 2019, 12.00, 603.00, 50.25),
(398, 1, 65, 2019, 1.00, 25.00, 25.00),
(399, 1, 71, 2019, 0.00, 0.00, 0.00),
(400, 1, 72, 2019, 0.00, 0.00, 0.00),
(401, 1, 73, 2019, 5.00, 50.00, 10.00),
(402, 1, 74, 2019, 1.00, 10.00, 10.00),
(403, 1, 75, 2019, 0.00, 0.00, 0.00),
(404, 1, 76, 2019, 0.00, 0.00, 0.00),
(405, 1, 81, 2019, 0.00, 0.00, 0.00),
(406, 1, 82, 2019, 0.00, 0.00, 0.00),
(407, 1, 91, 2019, 32.00, 324.00, 10.13),
(408, 1, 94, 2019, 2.00, 240.00, 120.00),
(409, 4, 11, 2019, 2.00, 115.00, 57.50),
(410, 4, 12, 2019, 25.00, 1021.00, 40.84),
(411, 4, 13, 2019, 15.00, 646.00, 43.07),
(412, 4, 14, 2019, 0.00, 0.00, 0.00),
(413, 4, 15, 2019, 0.00, 0.00, 0.00),
(414, 4, 16, 2019, 5.00, 50.00, 10.00),
(415, 4, 17, 2019, 15.00, 265.00, 17.67),
(416, 4, 18, 2019, 0.00, 0.00, 0.00),
(417, 4, 19, 2019, 0.00, 0.00, 0.00),
(418, 4, 21, 2019, 0.00, 0.00, 0.00),
(419, 4, 31, 2019, 0.00, 0.00, 0.00),
(420, 4, 32, 2019, 248.00, 47583.00, 191.87),
(421, 4, 33, 2019, 27.00, 3026.00, 112.07),
(422, 4, 34, 2019, 1.00, 11.00, 11.00),
(423, 4, 35, 2019, 53.00, 5726.00, 108.04),
(424, 4, 36, 2019, 0.00, 0.00, 0.00),
(425, 4, 51, 2019, 41.00, 5936.00, 144.78),
(426, 4, 52, 2019, 46.00, 6592.00, 143.30),
(427, 4, 53, 2019, 0.00, 0.00, 0.00),
(428, 4, 61, 2019, 0.00, 0.00, 0.00),
(429, 4, 62, 2019, 0.00, 0.00, 0.00),
(430, 4, 63, 2019, 0.00, 0.00, 0.00),
(431, 4, 64, 2019, 0.00, 0.00, 0.00),
(432, 4, 65, 2019, 0.00, 0.00, 0.00),
(433, 4, 71, 2019, 0.00, 0.00, 0.00),
(434, 4, 72, 2019, 3.00, 18.00, 6.00),
(435, 4, 73, 2019, 62.00, 4001.00, 64.53),
(436, 4, 74, 2019, 0.00, 0.00, 0.00),
(437, 4, 75, 2019, 0.00, 0.00, 0.00),
(438, 4, 76, 2019, 0.00, 0.00, 0.00),
(439, 4, 81, 2019, 0.00, 0.00, 0.00),
(440, 4, 82, 2019, 0.00, 0.00, 0.00),
(441, 4, 91, 2019, 0.00, 0.00, 0.00),
(442, 4, 94, 2019, 0.00, 0.00, 0.00),
(443, 3, 11, 2018, 1213.00, 136685.00, 112.68),
(444, 3, 12, 2018, 2700.00, 688197.00, 254.89),
(445, 3, 13, 2018, 705.00, 107672.00, 152.73),
(446, 3, 14, 2018, 1137.00, 171768.00, 151.07),
(447, 3, 15, 2018, 437.00, 36616.00, 83.79),
(448, 3, 16, 2018, 1353.00, 188978.00, 139.67),
(449, 3, 17, 2018, 203.00, 7248.00, 35.70),
(450, 3, 18, 2018, 1201.00, 168416.00, 140.23),
(451, 3, 19, 2018, 136.00, 21071.00, 154.93),
(452, 3, 21, 2018, 288.00, 39985.00, 138.84),
(453, 3, 31, 2018, 0.00, 0.00, 0.00),
(454, 3, 32, 2018, 1525.00, 233177.00, 152.90),
(455, 3, 33, 2018, 3696.00, 576174.00, 155.89),
(456, 3, 34, 2018, 193.00, 37093.00, 192.19),
(457, 3, 35, 2018, 8195.00, 1267482.00, 154.67),
(458, 3, 36, 2018, 102.00, 9511.00, 93.25),
(459, 3, 51, 2018, 966.00, 162178.00, 167.89),
(460, 3, 52, 2018, 948.00, 185964.00, 196.16),
(461, 3, 53, 2018, 139.00, 10986.00, 79.04),
(462, 3, 61, 2018, 811.00, 40059.00, 49.39),
(463, 3, 62, 2018, 706.00, 84209.00, 119.28),
(464, 3, 63, 2018, 1563.00, 278901.00, 178.44),
(465, 3, 64, 2018, 903.00, 115716.00, 128.15),
(466, 3, 65, 2018, 50.00, 9877.00, 197.54),
(467, 3, 71, 2018, 102.00, 2694.00, 26.41),
(468, 3, 72, 2018, 342.00, 45307.00, 132.48),
(469, 3, 73, 2018, 1106.00, 74322.00, 67.20),
(470, 3, 74, 2018, 240.00, 9366.00, 39.03),
(471, 3, 75, 2018, 4.00, 67.00, 16.75),
(472, 3, 76, 2018, 36.00, 748.00, 20.78),
(473, 3, 81, 2018, 131.00, 19502.00, 148.87),
(474, 3, 82, 2018, 138.00, 1120.00, 8.12),
(475, 3, 91, 2018, 94.00, 1576.00, 16.77),
(476, 3, 94, 2018, 336.00, 84608.00, 251.81),
(477, 1, 11, 2018, 0.00, 0.00, 0.00),
(478, 1, 12, 2018, 0.00, 0.00, 0.00),
(479, 1, 13, 2018, 13.00, 3803.00, 292.54),
(480, 1, 14, 2018, 1.00, 150.00, 150.00),
(481, 1, 15, 2018, 15.00, 600.00, 40.00),
(482, 1, 16, 2018, 50.00, 2150.00, 43.00),
(483, 1, 17, 2018, 1.00, 10.00, 10.00),
(484, 1, 18, 2018, 23.00, 1780.00, 77.39),
(485, 1, 19, 2018, 0.00, 0.00, 0.00),
(486, 1, 21, 2018, 0.00, 0.00, 0.00),
(487, 1, 31, 2018, 0.00, 0.00, 0.00),
(488, 1, 32, 2018, 76.00, 7952.00, 104.63),
(489, 1, 33, 2018, 593.00, 82705.00, 139.47),
(490, 1, 34, 2018, 0.00, 0.00, 0.00),
(491, 1, 35, 2018, 2123.00, 193024.00, 90.92),
(492, 1, 36, 2018, 0.00, 0.00, 0.00),
(493, 1, 51, 2018, 0.00, 0.00, 0.00),
(494, 1, 52, 2018, 55.00, 20500.00, 372.73),
(495, 1, 53, 2018, 29.00, 2795.00, 96.38),
(496, 1, 61, 2018, 10.00, 468.00, 46.80),
(497, 1, 62, 2018, 21.00, 212.00, 10.10),
(498, 1, 63, 2018, 0.00, 0.00, 0.00),
(499, 1, 64, 2018, 24.00, 1555.00, 64.79),
(500, 1, 65, 2018, 1.00, 25.00, 25.00),
(501, 1, 71, 2018, 0.00, 0.00, 0.00),
(502, 1, 72, 2018, 0.00, 0.00, 0.00),
(503, 1, 73, 2018, 3.00, 19.00, 6.33),
(504, 1, 74, 2018, 0.00, 0.00, 0.00),
(505, 1, 75, 2018, 0.00, 0.00, 0.00),
(506, 1, 76, 2018, 0.00, 0.00, 0.00),
(507, 1, 81, 2018, 0.00, 0.00, 0.00),
(508, 1, 82, 2018, 0.00, 0.00, 0.00),
(509, 1, 91, 2018, 0.00, 0.00, 0.00),
(510, 1, 94, 2018, 13.00, 2750.00, 211.54),
(511, 4, 11, 2018, 0.00, 0.00, 0.00),
(512, 4, 12, 2018, 37.00, 2318.00, 62.65),
(513, 4, 13, 2018, 53.00, 2880.00, 54.34),
(514, 4, 14, 2018, 0.00, 0.00, 0.00),
(515, 4, 15, 2018, 1.00, 1.00, 1.00),
(516, 4, 16, 2018, 10.00, 31.00, 3.10),
(517, 4, 17, 2018, 0.00, 0.00, 0.00),
(518, 4, 18, 2018, 1.00, 10.00, 10.00),
(519, 4, 19, 2018, 0.00, 0.00, 0.00),
(520, 4, 21, 2018, 0.00, 0.00, 0.00),
(521, 4, 31, 2018, 0.00, 0.00, 0.00),
(522, 4, 32, 2018, 287.00, 62944.00, 219.32),
(523, 4, 33, 2018, 39.00, 2603.00, 66.74),
(524, 4, 34, 2018, 1.00, 27.00, 27.00),
(525, 4, 35, 2018, 51.00, 3807.00, 74.65),
(526, 4, 36, 2018, 0.00, 0.00, 0.00),
(527, 4, 51, 2018, 43.00, 5789.00, 134.63),
(528, 4, 52, 2018, 19.00, 2121.00, 111.63),
(529, 4, 53, 2018, 1.00, 50.00, 50.00),
(530, 4, 61, 2018, 0.00, 0.00, 0.00),
(531, 4, 62, 2018, 0.00, 0.00, 0.00),
(532, 4, 63, 2018, 0.00, 0.00, 0.00),
(533, 4, 64, 2018, 0.00, 0.00, 0.00),
(534, 4, 65, 2018, 0.00, 0.00, 0.00),
(535, 4, 71, 2018, 0.00, 0.00, 0.00),
(536, 4, 72, 2018, 3.00, 5.00, 1.67),
(537, 4, 73, 2018, 64.00, 2683.00, 41.92),
(538, 4, 74, 2018, 1.00, 1.00, 1.00),
(539, 4, 75, 2018, 0.00, 0.00, 0.00),
(540, 4, 76, 2018, 0.00, 0.00, 0.00),
(541, 4, 81, 2018, 6.00, 11.00, 1.83),
(542, 4, 82, 2018, 0.00, 0.00, 0.00),
(543, 4, 91, 2018, 0.00, 0.00, 0.00),
(544, 4, 94, 2018, 1.00, 4.00, 4.00),
(545, 2, 11, 2019, 24.00, 3176.00, 132.33),
(546, 2, 12, 2019, 170.00, 26037.00, 153.16),
(547, 2, 13, 2019, 75.00, 7851.00, 104.68),
(548, 2, 14, 2019, 111.00, 16162.00, 145.60),
(549, 2, 15, 2019, 74.00, 10014.00, 135.32),
(550, 2, 16, 2019, 18.00, 1995.00, 110.83),
(551, 2, 17, 2019, 58.00, 2560.00, 44.14),
(552, 2, 18, 2019, 67.00, 4940.00, 73.73),
(553, 2, 19, 2019, 9.00, 3010.00, 334.44),
(554, 2, 21, 2019, 1.00, 30.00, 30.00),
(555, 2, 31, 2019, 0.00, 0.00, 0.00),
(556, 2, 32, 2019, 39.00, 2425.00, 62.18),
(557, 2, 33, 2019, 1777.00, 271481.00, 152.77),
(558, 2, 34, 2019, 1252.00, 240158.00, 191.82),
(559, 2, 35, 2019, 3781.00, 491307.00, 129.94),
(560, 2, 36, 2019, 47.00, 3683.00, 78.36),
(561, 2, 51, 2019, 27.00, 5522.00, 204.52),
(562, 2, 52, 2019, 182.00, 33398.00, 183.51),
(563, 2, 53, 2019, 45.00, 8322.00, 184.93),
(564, 2, 61, 2019, 30.00, 1632.00, 54.40),
(565, 2, 62, 2019, 67.10, 5224.00, 77.85),
(566, 2, 63, 2019, 56.00, 3411.00, 60.91),
(567, 2, 64, 2019, 71.00, 5893.00, 83.00),
(568, 2, 65, 2019, 20.00, 3095.00, 154.75),
(569, 2, 71, 2019, 23.00, 372.00, 16.17),
(570, 2, 72, 2019, 133.00, 22819.00, 171.57),
(571, 2, 73, 2019, 118.00, 6982.00, 59.17),
(572, 2, 74, 2019, 44.00, 2467.00, 56.07),
(573, 2, 75, 2019, 13.00, 188.00, 14.46),
(574, 2, 76, 2019, 1.00, 54.00, 54.00),
(575, 2, 81, 2019, 34.00, 1914.00, 56.29),
(576, 2, 82, 2019, 46.00, 367.00, 7.98),
(577, 2, 91, 2019, 114.00, 1962.00, 17.21),
(578, 2, 94, 2019, 116.00, 32604.00, 281.07),
(579, 2, 11, 2018, 46.00, 4716.00, 102.52),
(580, 2, 12, 2018, 213.00, 46992.00, 220.62),
(581, 2, 13, 2018, 42.00, 2554.00, 60.81),
(582, 2, 14, 2018, 75.00, 8942.00, 119.23),
(583, 2, 15, 2018, 45.00, 6443.00, 143.18),
(584, 2, 16, 2018, 23.00, 3307.00, 143.78),
(585, 2, 17, 2018, 64.00, 3300.00, 51.56),
(586, 2, 18, 2018, 42.00, 4790.00, 114.05),
(587, 2, 19, 2018, 7.00, 1657.00, 236.71),
(588, 2, 21, 2018, 2.00, 200.00, 100.00),
(589, 2, 31, 2018, 0.00, 0.00, 0.00),
(590, 2, 32, 2018, 25.00, 3769.00, 150.76),
(591, 2, 33, 2018, 1548.00, 255226.00, 164.87),
(592, 2, 34, 2018, 1502.00, 307421.00, 204.67),
(593, 2, 35, 2018, 2162.00, 408233.00, 188.82),
(594, 2, 36, 2018, 29.00, 821.00, 28.31),
(595, 2, 51, 2018, 25.00, 2882.00, 115.28),
(596, 2, 52, 2018, 199.00, 35206.00, 176.91),
(597, 2, 53, 2018, 4.00, 350.00, 87.50),
(598, 2, 61, 2018, 36.00, 1478.00, 41.06),
(599, 2, 62, 2018, 58.00, 4350.00, 75.00),
(600, 2, 63, 2018, 45.00, 2497.00, 55.49),
(601, 2, 64, 2018, 53.00, 4067.00, 76.74),
(602, 2, 65, 2018, 14.00, 2639.00, 188.50),
(603, 2, 71, 2018, 27.00, 574.00, 21.26),
(604, 2, 72, 2018, 89.00, 14441.00, 162.26),
(605, 2, 73, 2018, 107.00, 13186.00, 123.23),
(606, 2, 74, 2018, 33.00, 1986.00, 60.18),
(607, 2, 75, 2018, 29.00, 152.00, 5.24),
(608, 2, 76, 2018, 0.00, 0.00, 0.00),
(609, 2, 81, 2018, 27.00, 2110.00, 78.15),
(610, 2, 82, 2018, 15.00, 226.00, 15.07),
(611, 2, 91, 2018, 56.00, 698.00, 12.46),
(612, 2, 94, 2018, 190.00, 41701.00, 219.48);

-- --------------------------------------------------------

--
-- Table structure for table `provinsi`
--

CREATE TABLE `provinsi` (
  `kode_provinsi` int(11) NOT NULL,
  `nama_provinsi` varchar(255) NOT NULL,
  `nama_pulau` varchar(255) NOT NULL
) ENGINE=InnoDB DEFAULT CHARSET=utf8mb4 COLLATE=utf8mb4_general_ci;

--
-- Dumping data for table `provinsi`
--

INSERT INTO `provinsi` (`kode_provinsi`, `nama_provinsi`, `nama_pulau`) VALUES
(11, 'ACEH', 'Pulau Sumatera'),
(12, 'SUMATERA UTARA', 'Pulau Sumatera'),
(13, 'SUMATERA BARAT', 'Pulau Sumatera'),
(14, 'RIAU', 'Pulau Sumatera'),
(15, 'JAMBI', 'Pulau Sumatera'),
(16, 'SUMATERA SELATAN', 'Pulau Sumatera'),
(17, 'BENGKULU', 'Pulau Sumatera'),
(18, 'LAMPUNG', 'Pulau Sumatera'),
(19, 'KEPULAUAN BANGKA BELITUNG', 'Pulau Sumatera'),
(21, 'KEPULAUAN RIAU', 'Pulau Sumatera'),
(31, 'DKI JAKARTA', 'Pulau Jawa'),
(32, 'JAWA BARAT', 'Pulau Jawa'),
(33, 'JAWA TENGAH', 'Pulau Jawa'),
(34, 'DI YOGYAKARTA', 'Pulau Jawa'),
(35, 'JAWA TIMUR', 'Pulau Jawa'),
(36, 'BANTEN', 'Pulau Jawa'),
(51, 'BALI', 'Pulau Bali dan Nusa Tenggara'),
(52, 'NUSA TENGGARA BARAT', 'Pulau Bali dan Nusa Tenggara'),
(53, 'NUSA TENGGARA TIMUR', 'Pulau Bali dan Nusa Tenggara'),
(61, 'KALIMANTAN BARAT', 'Pulau Kalimantan'),
(62, 'KALIMANTAN TENGAH', 'Pulau Kalimantan'),
(63, 'KALIMANTAN SELATAN', 'Pulau Kalimantan'),
(64, 'KALIMANTAN TIMUR', 'Pulau Kalimantan'),
(65, 'KALIMANTAN UTARA', 'Pulau Kalimantan'),
(71, 'SULAWESI UTARA', 'Pulau Sulawesi'),
(72, 'SULAWESI TENGAH', 'Pulau Sulawesi'),
(73, 'SULAWESI SELATAN', 'Pulau Sulawesi'),
(74, 'SULAWESI TENGGARA', 'Pulau Sulawesi'),
(75, 'GORONTALO', 'Pulau Sulawesi'),
(76, 'SULAWESI BARAT', 'Pulau Sulawesi'),
(81, 'MALUKU', 'Papua dan Maluku'),
(82, 'MALUKU UTARA', 'Papua dan Maluku'),
(91, 'PAPUA BARAT', 'Papua dan Maluku'),
(94, 'PAPUA', 'Papua dan Maluku');

--
-- Indexes for dumped tables
--

--
-- Indexes for table `buah`
--
ALTER TABLE `buah`
  ADD PRIMARY KEY (`id_buah`);

--
-- Indexes for table `produktivitas`
--
ALTER TABLE `produktivitas`
  ADD PRIMARY KEY (`id_produktivitas`);

--
-- Indexes for table `provinsi`
--
ALTER TABLE `provinsi`
  ADD PRIMARY KEY (`kode_provinsi`);
COMMIT;

/*!40101 SET CHARACTER_SET_CLIENT=@OLD_CHARACTER_SET_CLIENT */;
/*!40101 SET CHARACTER_SET_RESULTS=@OLD_CHARACTER_SET_RESULTS */;
/*!40101 SET COLLATION_CONNECTION=@OLD_COLLATION_CONNECTION */;
